<?xml version="1.0" encoding="UTF-8"?>
<project-private xmlns="http://www.netbeans.org/ns/project-private/1">
    <editor-bookmarks xmlns="http://www.netbeans.org/ns/editor-bookmarks/2" lastBookmarkId="0"/>
    <open-files xmlns="http://www.netbeans.org/ns/projectui-open-files/2">
        <group>
            <file>file:/C:/component/CustomerMailApplication/src/customermailapplication/RegularCustomer.java</file>
            <file>file:/C:/component/CustomerMailApplication/src/customermailapplication/DelinquentCustomer.java</file>
            <file>file:/C:/component/CustomerMailApplication/src/customermailapplication/Customer.java</file>
            <file>file:/C:/component/CustomerMailApplication/src/customermailapplication/MountainCustomer.java</file>
            <file>file:/C:/component/CustomerMailApplication/src/customermailapplication/CustomerMailApplication.java</file>
        </group>
    </open-files>
</project-private>
